https://usercontents-c.styleshare.kr/images/35363197/original,https://www.stylesha.re/+webview/soho/redirect?region=kr&to=http%3A%2F%2Fm.inthecloset.kr%2Fproduct%2Fdetail.html%3Fproduct_no%3D2827%26cate_no%3D186%26display_group%3D1%26utm_source%3Dstyleshare%26cafe_mkt%3Dstyleshare,29900,inthecloset,인더클로젯,하운드 투스 스커트,https://www.stylesha.re/+webview/soho/redirect?region=kr&to=http%3A%2F%2Finthecloset.kr%2Fproduct%2Fdetail.html%3Fproduct_no%3D2827%26cate_no%3D186%26display_group%3D1%26utm_source%3Dstyleshare%26cafe_mkt%3Dstyleshare
https://usercontents-c.styleshare.kr/images/35244155/original,https://www.stylesha.re/+webview/soho/redirect?region=kr&to=http%3A%2F%2Fm.hijjoo.com%2Fproduct%2Fdetail.html%3Fproduct_no%3D4277%26cate_no%3D55%26display_group%3D1%26utm_source%3Dstyleshare%26cafe_mkt%3Dstyleshare,20500,hijjoo,하이쭈,욤욤 리본체크원피스 ops (2color) #도톰기모지,https://www.stylesha.re/+webview/soho/redirect?region=kr&to=http%3A%2F%2Fhijjoo.com%2Fproduct%2Fdetail.html%3Fproduct_no%3D4277%26cate_no%3D55%26display_group%3D1%26utm_source%3Dstyleshare%26cafe_mkt%3Dstyleshare
https://usercontents-c.styleshare.kr/images/35403404/original,https://www.stylesha.re/+webview/soho/redirect?region=kr&to=http%3A%2F%2Fm.hot-10.com%2Fproduct%2Fdetail.html%3Fproduct_no%3D4363%26cate_no%3D12%26display_group%3D1%26utm_source%3Dstyleshare%26cafe_mkt%3Dstyleshare,39900,hot_10,핫텐,[양털+누빔]드리머 숏패딩 점퍼,https://www.stylesha.re/+webview/soho/redirect?region=kr&to=http%3A%2F%2Fhot-10.com%2Fproduct%2Fdetail.html%3Fproduct_no%3D4363%26cate_no%3D12%26display_group%3D1%26utm_source%3Dstyleshare%26cafe_mkt%3Dstyleshare
https://usercontents-c.styleshare.kr/images/35421617/original,https://www.stylesha.re/+webview/soho/redirect?region=kr&to=http%3A%2F%2Fwww.lalabong.co.kr%2Fproduct%2F%25EC%25BB%25AC%25EB%259F%25AC-%25EB%25B2%25A0%25EC%259D%25B4%25EC%25A7%2581-%25EA%25B8%25B4%25ED%258C%2594-%25ED%258A%25B8%25EC%259E%2584t-6color%2F8100%2Fcategory%2F169%2Fdisplay%2F1%2F%3Futm_source%3Dstyleshare%26cafe_mkt%3Dstyleshare,8000,lalabong,라라봉,컬러 베이직 긴팔 트임t '6color',https://www.stylesha.re/+webview/soho/redirect?region=kr&to=http%3A%2F%2Fwww.lalabong.co.kr%2Fproduct%2F%25EC%25BB%25AC%25EB%259F%25AC-%25EB%25B2%25A0%25EC%259D%25B4%25EC%25A7%2581-%25EA%25B8%25B4%25ED%258C%2594-%25ED%258A%25B8%25EC%259E%2584t-6color%2F8100%2Fcategory%2F169%2Fdisplay%2F1%2F%3Futm_source%3Dstyleshare%26cafe_mkt%3Dstyleshare
https://usercontents-c.styleshare.kr/images/35363210/original,https://www.stylesha.re/+webview/soho/redirect?region=kr&to=http%3A%2F%2Fm.inthecloset.kr%2Fproduct%2Fdetail.html%3Fproduct_no%3D2834%26cate_no%3D186%26display_group%3D1%26utm_source%3Dstyleshare%26cafe_mkt%3Dstyleshare,27500,inthecloset,인더클로젯,ღ강추ღ롤업 스판 데님팬츠(3color),https://www.stylesha.re/+webview/soho/redirect?region=kr&to=http%3A%2F%2Finthecloset.kr%2Fproduct%2Fdetail.html%3Fproduct_no%3D2834%26cate_no%3D186%26display_group%3D1%26utm_source%3Dstyleshare%26cafe_mkt%3Dstyleshare
https://usercontents-c.styleshare.kr/images/35380454/original,https://www.stylesha.re/+webview/soho/redirect?region=kr&to=http%3A%2F%2Fm.liveary.com%2Fproduct%2Fdetail.html%3Fproduct_no%3D5061%26cate_no%3D49%26display_group%3D1%26utm_source%3Dstyleshare%26cafe_mkt%3Dstyleshare,9400,liveary,리브어리,소프트 앙고라 숏 비니,https://www.stylesha.re/+webview/soho/redirect?region=kr&to=http%3A%2F%2Fliveary.com%2Fproduct%2Fdetail.html%3Fproduct_no%3D5061%26cate_no%3D49%26display_group%3D1%26utm_source%3Dstyleshare%26cafe_mkt%3Dstyleshare
https://usercontents-c.styleshare.kr/images/35383676/original,https://www.stylesha.re/+webview/soho/redirect?region=kr&to=http%3A%2F%2Fm.jtamtam.co.kr%2Fproduct%2Fdetail.html%3Fproduct_no%3D4571%26cate_no%3D42%26display_group%3D1%26utm_source%3Dstyleshare%26cafe_mkt%3Dstyleshare,24500,jtamtam,제이탐탐,투포켓프릴 sk (2 color),https://www.stylesha.re/+webview/soho/redirect?region=kr&to=http%3A%2F%2Fjtamtam.co.kr%2Fproduct%2Fdetail.html%3Fproduct_no%3D4571%26cate_no%3D42%26display_group%3D1%26utm_source%3Dstyleshare%26cafe_mkt%3Dstyleshare
https://usercontents-c.styleshare.kr/images/35322182/original,,20900,blingshop,블링샵,인생 기모 팬츠 ,https://www.stylesha.re/+webview/soho/redirect?region=kr&to=http%3A%2F%2Fwww.blingshop.co.kr%2Findex.html%3Fbranduid%3D2095058%26utm_source%3Dstyleshare%26cafe_mkt%3Dstyleshare
https://usercontents-c.styleshare.kr/images/35337389/original,https://www.stylesha.re/+webview/soho/redirect?region=kr&to=http%3A%2F%2Fm.hijjoo.com%2Fproduct%2Fdetail.html%3Fproduct_no%3D4298%26cate_no%3D54%26display_group%3D1%26utm_source%3Dstyleshare%26cafe_mkt%3Dstyleshare,19000,hijjoo,하이쭈,베니 데님팬츠 pt (2color) #기모안감,https://www.stylesha.re/+webview/soho/redirect?region=kr&to=http%3A%2F%2Fhijjoo.com%2Fproduct%2Fdetail.html%3Fproduct_no%3D4298%26cate_no%3D54%26display_group%3D1%26utm_source%3Dstyleshare%26cafe_mkt%3Dstyleshare
https://usercontents-c.styleshare.kr/images/35304641/original,https://www.stylesha.re/+webview/soho/redirect?region=kr&to=http%3A%2F%2Fm.hot-10.com%2Fproduct%2Fdetail.html%3Fproduct_no%3D4332%26cate_no%3D7%26display_group%3D1%26utm_source%3Dstyleshare%26cafe_mkt%3Dstyleshare,22000,hot_10,핫텐,[기모]디파트 후드티셔츠,https://www.stylesha.re/+webview/soho/redirect?region=kr&to=http%3A%2F%2Fhot-10.com%2Fproduct%2Fdetail.html%3Fproduct_no%3D4332%26cate_no%3D7%26display_group%3D1%26utm_source%3Dstyleshare%26cafe_mkt%3Dstyleshare
https://usercontents-c.styleshare.kr/images/35383950/original,,12900,blingshop,블링샵,쏠로 트임 기모스커트 ,https://www.stylesha.re/+webview/soho/redirect?region=kr&to=http%3A%2F%2Fwww.blingshop.co.kr%2Findex.html%3Fbranduid%3D2095088%26utm_source%3Dstyleshare%26cafe_mkt%3Dstyleshare
https://usercontents-c.styleshare.kr/images/35337372/original,https://www.stylesha.re/+webview/soho/redirect?region=kr&to=http%3A%2F%2Fm.hijjoo.com%2Fproduct%2Fdetail.html%3Fproduct_no%3D4292%26cate_no%3D52%26display_group%3D1%26utm_source%3Dstyleshare%26cafe_mkt%3Dstyleshare,27000,hijjoo,하이쭈,테루 데일리숏패딩 jp (5color),https://www.stylesha.re/+webview/soho/redirect?region=kr&to=http%3A%2F%2Fhijjoo.com%2Fproduct%2Fdetail.html%3Fproduct_no%3D4292%26cate_no%3D52%26display_group%3D1%26utm_source%3Dstyleshare%26cafe_mkt%3Dstyleshare
https://usercontents-c.styleshare.kr/images/35363202/original,https://www.stylesha.re/+webview/soho/redirect?region=kr&to=http%3A%2F%2Fm.inthecloset.kr%2Fproduct%2Fdetail.html%3Fproduct_no%3D2831%26cate_no%3D183%26display_group%3D1%26utm_source%3Dstyleshare%26cafe_mkt%3Dstyleshare,55000,inthecloset,인더클로젯,오트밀 울 자켓(2color),https://www.stylesha.re/+webview/soho/redirect?region=kr&to=http%3A%2F%2Finthecloset.kr%2Fproduct%2Fdetail.html%3Fproduct_no%3D2831%26cate_no%3D183%26display_group%3D1%26utm_source%3Dstyleshare%26cafe_mkt%3Dstyleshare
https://usercontents-c.styleshare.kr/images/35300419/original,https://www.stylesha.re/+webview/soho/redirect?region=kr&to=http%3A%2F%2Fm.hijjoo.com%2Fproduct%2Fdetail.html%3Fproduct_no%3D4286%26cate_no%3D55%26display_group%3D1%26utm_source%3Dstyleshare%26cafe_mkt%3Dstyleshare,20500,hijjoo,하이쭈,울 체크카라원피스ops (3color) #울10% #겨울원피스,https://www.stylesha.re/+webview/soho/redirect?region=kr&to=http%3A%2F%2Fhijjoo.com%2Fproduct%2Fdetail.html%3Fproduct_no%3D4286%26cate_no%3D55%26display_group%3D1%26utm_source%3Dstyleshare%26cafe_mkt%3Dstyleshare
https://usercontents-c.styleshare.kr/images/35383949/original,,23900,blingshop,블링샵,치즈버거 기모 후드티,https://www.stylesha.re/+webview/soho/redirect?region=kr&to=http%3A%2F%2Fwww.blingshop.co.kr%2Findex.html%3Fbranduid%3D2095090%26utm_source%3Dstyleshare%26cafe_mkt%3Dstyleshare
https://usercontents-c.styleshare.kr/images/35361164/original,https://www.stylesha.re/+webview/soho/redirect?region=kr&to=http%3A%2F%2Fm.dusltiq.com%2Fproduct%2Fdetail.html%3Fproduct_no%3D10914%26cate_no%3D4%26display_group%3D1%26utm_source%3Dstyleshare%26cafe_mkt%3Dstyleshare,19900,dusltiq,여니샵,"[양기모]체리반목맨투맨/MA영문체리프린팅반폴라오버핏MTM (크림,베이지,핑크)",https://www.stylesha.re/+webview/soho/redirect?region=kr&to=http%3A%2F%2Fdusltiq.com%2Fproduct%2Fdetail.html%3Fproduct_no%3D10914%26cate_no%3D4%26display_group%3D1%26utm_source%3Dstyleshare%26cafe_mkt%3Dstyleshare
https://usercontents-c.styleshare.kr/images/35304551/original,,23000,sonyunara,소녀나라,빅버클로퍼,https://www.stylesha.re/+webview/soho/redirect?region=kr&to=http%3A%2F%2Fwww.sonyunara.com%2Fshop%2Fview.php%3Findex_no%3D44989%26enterc%3Dstyleshare%26utm_source%3Dstyleshare%26cafe_mkt%3Dstyleshare
https://usercontents-c.styleshare.kr/images/35340795/original,https://www.stylesha.re/+webview/soho/redirect?region=kr&to=http%3A%2F%2Fm.dusltiq.com%2Fproduct%2Fdetail.html%3Fproduct_no%3D10899%26cate_no%3D4%26display_group%3D1%26utm_source%3Dstyleshare%26cafe_mkt%3Dstyleshare,15900,dusltiq,여니샵,"18049오프숄더니트/NR어깨트임와플나그랑긴팔NT (블랙,아이보리,핑크)",https://www.stylesha.re/+webview/soho/redirect?region=kr&to=http%3A%2F%2Fdusltiq.com%2Fproduct%2Fdetail.html%3Fproduct_no%3D10899%26cate_no%3D4%26display_group%3D1%26utm_source%3Dstyleshare%26cafe_mkt%3Dstyleshare
https://usercontents-c.styleshare.kr/images/35318993/original,https://www.stylesha.re/+webview/soho/redirect?region=kr&to=http%3A%2F%2Fwww.lalabong.co.kr%2Fproduct%2F%25ED%2594%2584%25EB%25A6%25AC%25EB%25AF%25B8%25EC%2597%2584-%25EC%25B9%25B4%25EB%259D%25BC%25EB%25A9%259C-%25EC%259A%25B8%25EB%2596%25A1%25EB%25B3%25B6%25EC%259D%25B4%25EC%25BD%2594%25ED%258A%25B8-2color-%25EC%259A%25B860%25EB%25A1%259C-%25ED%2580%2584%25EB%25A6%25AC%25ED%258B%25B0%25EB%25A5%25BC-%25EC%25B5%259C%25EB%258C%2580%25ED%2595%259C-%25EB%2586%2592%25EC%259D%25B8-%25ED%2594%2584%25EB%25A6%25AC%25EB%25AF%25B8%25EC%2597%2584-%25EC%25BD%2594%25ED%258A%25B8%25EC%2597%2590%25EC%259A%2594%2F8066%2Fcategory%2F102%2Fdisplay%2F1%2F%3Futm_source%3Dstyleshare%26cafe_mkt%3Dstyleshare,85000,lalabong,라라봉,"프리미엄 카라멜 울떡볶이코트 '2color' / 울60%로 퀄리티를 최대한 높인 프리미엄 코트에요,♥",https://www.stylesha.re/+webview/soho/redirect?region=kr&to=http%3A%2F%2Fwww.lalabong.co.kr%2Fproduct%2F%25ED%2594%2584%25EB%25A6%25AC%25EB%25AF%25B8%25EC%2597%2584-%25EC%25B9%25B4%25EB%259D%25BC%25EB%25A9%259C-%25EC%259A%25B8%25EB%2596%25A1%25EB%25B3%25B6%25EC%259D%25B4%25EC%25BD%2594%25ED%258A%25B8-2color-%25EC%259A%25B860%25EB%25A1%259C-%25ED%2580%2584%25EB%25A6%25AC%25ED%258B%25B0%25EB%25A5%25BC-%25EC%25B5%259C%25EB%258C%2580%25ED%2595%259C-%25EB%2586%2592%25EC%259D%25B8-%25ED%2594%2584%25EB%25A6%25AC%25EB%25AF%25B8%25EC%2597%2584-%25EC%25BD%2594%25ED%258A%25B8%25EC%2597%2590%25EC%259A%2594%2F8066%2Fcategory%2F102%2Fdisplay%2F1%2F%3Futm_source%3Dstyleshare%26cafe_mkt%3Dstyleshare
https://usercontents-c.styleshare.kr/images/35384135/original,,29500,sonyunara,소녀나라,파인드융기모자켓,https://www.stylesha.re/+webview/soho/redirect?region=kr&to=http%3A%2F%2Fwww.sonyunara.com%2Fshop%2Fview.php%3Findex_no%3D44571%26enterc%3Dstyleshare%26utm_source%3Dstyleshare%26cafe_mkt%3Dstyleshare
https://usercontents-c.styleshare.kr/images/35303293/original,https://www.stylesha.re/+webview/soho/redirect?region=kr&to=http%3A%2F%2Fm.dusltiq.com%2Fproduct%2Fdetail.html%3Fproduct_no%3D10872%26cate_no%3D31%26display_group%3D1%26utm_source%3Dstyleshare%26cafe_mkt%3Dstyleshare,19900,dusltiq,여니샵,"베이직자켓/WF모직카라무지코트JK (블랙,브라운)",https://www.stylesha.re/+webview/soho/redirect?region=kr&to=http%3A%2F%2Fdusltiq.com%2Fproduct%2Fdetail.html%3Fproduct_no%3D10872%26cate_no%3D31%26display_group%3D1%26utm_source%3Dstyleshare%26cafe_mkt%3Dstyleshare
https://usercontents-c.styleshare.kr/images/35342075/original,https://www.stylesha.re/+webview/soho/redirect?region=kr&to=http%3A%2F%2Fm.j-blin.com%2Fproduct%2Fdetail.html%3Fproduct_no%3D3170%26cate_no%3D54%26display_group%3D1%26utm_source%3Dstyleshare%26cafe_mkt%3Dstyleshare,19900,j_blin,제이블린,위댕sk,https://www.stylesha.re/+webview/soho/redirect?region=kr&to=http%3A%2F%2Fj-blin.com%2Fproduct%2Fdetail.html%3Fproduct_no%3D3170%26cate_no%3D54%26display_group%3D1%26utm_source%3Dstyleshare%26cafe_mkt%3Dstyleshare
https://usercontents-c.styleshare.kr/images/35321289/original,https://www.stylesha.re/+webview/soho/redirect?region=kr&to=http%3A%2F%2Fm.dusltiq.com%2Fproduct%2Fdetail.html%3Fproduct_no%3D10889%26cate_no%3D4%26display_group%3D1%26utm_source%3Dstyleshare%26cafe_mkt%3Dstyleshare,12900,dusltiq,여니샵,"기모겟찰리폴라맨투맨/TD영문캐릭터테두리자수반목MTM (브라운,화이트,블랙)",https://www.stylesha.re/+webview/soho/redirect?region=kr&to=http%3A%2F%2Fdusltiq.com%2Fproduct%2Fdetail.html%3Fproduct_no%3D10889%26cate_no%3D4%26display_group%3D1%26utm_source%3Dstyleshare%26cafe_mkt%3Dstyleshare
https://usercontents-c.styleshare.kr/images/35322437/original,https://www.stylesha.re/+webview/soho/redirect?region=kr&to=http%3A%2F%2Fm.j-blin.com%2Fproduct%2Fdetail.html%3Fproduct_no%3D3164%26cate_no%3D54%26display_group%3D1%26utm_source%3Dstyleshare%26cafe_mkt%3Dstyleshare,21000,j_blin,제이블린,크리sk *주문폭주*,https://www.stylesha.re/+webview/soho/redirect?region=kr&to=http%3A%2F%2Fj-blin.com%2Fproduct%2Fdetail.html%3Fproduct_no%3D3164%26cate_no%3D54%26display_group%3D1%26utm_source%3Dstyleshare%26cafe_mkt%3Dstyleshare
https://usercontents-c.styleshare.kr/images/35321156/original,https://www.stylesha.re/+webview/soho/redirect?region=kr&to=http%3A%2F%2Fm.bfactorial.com%2Fproduct%2Fdetail.html%3Fproduct_no%3D2326%26cate_no%3D44%26display_group%3D1%26utm_source%3Dstyleshare%26cafe_mkt%3Dstyleshare,26500,bfactorial,비팩토리얼,모드 고방 체크 스커트 (2colors)[여자아메카지/아메카지룩/여자워크웨어],https://www.stylesha.re/+webview/soho/redirect?region=kr&to=http%3A%2F%2Fbfactorial.com%2Fproduct%2Fdetail.html%3Fproduct_no%3D2326%26cate_no%3D44%26display_group%3D1%26utm_source%3Dstyleshare%26cafe_mkt%3Dstyleshare
https://usercontents-c.styleshare.kr/images/35360911/original,https://www.stylesha.re/+webview/soho/redirect?region=kr&to=http%3A%2F%2Fm.bfactorial.com%2Fproduct%2Fdetail.html%3Fproduct_no%3D2341%26cate_no%3D42%26display_group%3D1%26utm_source%3Dstyleshare%26cafe_mkt%3Dstyleshare,32000,bfactorial,비팩토리얼,"양면 양털 베스트 (3colors) [10대,20대 여성의류쇼핑몰/베이직/유니크/여자/겨울신상]",https://www.stylesha.re/+webview/soho/redirect?region=kr&to=http%3A%2F%2Fbfactorial.com%2Fproduct%2Fdetail.html%3Fproduct_no%3D2341%26cate_no%3D42%26display_group%3D1%26utm_source%3Dstyleshare%26cafe_mkt%3Dstyleshare
https://usercontents-c.styleshare.kr/images/35359271/original,https://www.stylesha.re/+webview/soho/redirect?region=kr&to=http%3A%2F%2Fm.bonzishop.com%2Fproduct%2Fdetail.html%3Fproduct_no%3D16836%26cate_no%3D29%26display_group%3D1%26utm_source%3Dstyleshare%26cafe_mkt%3Dstyleshare,35000,bonzishop,본지샵,"머스트 꽈베기 루즈핏 니트 - nt (고퀄리티!,울10%)",https://www.stylesha.re/+webview/soho/redirect?region=kr&to=http%3A%2F%2Fbonzishop.com%2Fproduct%2Fdetail.html%3Fproduct_no%3D16836%26cate_no%3D29%26display_group%3D1%26utm_source%3Dstyleshare%26cafe_mkt%3Dstyleshare
https://usercontents-c.styleshare.kr/images/35362526/original,https://www.stylesha.re/+webview/soho/redirect?region=kr&to=http%3A%2F%2Fm.hot-10.com%2Fproduct%2Fdetail.html%3Fproduct_no%3D4345%26cate_no%3D7%26display_group%3D1%26utm_source%3Dstyleshare%26cafe_mkt%3Dstyleshare,18500,hot_10,핫텐,[양기모]심플 맨투맨T,https://www.stylesha.re/+webview/soho/redirect?region=kr&to=http%3A%2F%2Fhot-10.com%2Fproduct%2Fdetail.html%3Fproduct_no%3D4345%26cate_no%3D7%26display_group%3D1%26utm_source%3Dstyleshare%26cafe_mkt%3Dstyleshare
https://usercontents-c.styleshare.kr/images/35322438/original,https://www.stylesha.re/+webview/soho/redirect?region=kr&to=http%3A%2F%2Fm.j-blin.com%2Fproduct%2Fdetail.html%3Fproduct_no%3D3165%26cate_no%3D25%26display_group%3D1%26utm_source%3Dstyleshare%26cafe_mkt%3Dstyleshare,36800,j_blin,제이블린,아낭knit,https://www.stylesha.re/+webview/soho/redirect?region=kr&to=http%3A%2F%2Fj-blin.com%2Fproduct%2Fdetail.html%3Fproduct_no%3D3165%26cate_no%3D25%26display_group%3D1%26utm_source%3Dstyleshare%26cafe_mkt%3Dstyleshare
https://usercontents-c.styleshare.kr/images/35322355/original,,17900,sonyunara,소녀나라,(한정판)티롤후드시리즈,https://www.stylesha.re/+webview/soho/redirect?region=kr&to=http%3A%2F%2Fwww.sonyu/**/nara.com%2Fshop%2Fview.php%3Findex_no%3D44621%26enterc%3Dstyleshare%26utm_source%3Dstyleshare%26cafe_mkt%3Dstyleshare
